Movie Name,Link,Score,Description
活色生香,https://www.1905.com/vod/play/1391267.shtml,7.6,失意男女爱恨纠缠
伯爵夫人,https://www.1905.com/vod/play/85411.shtml,5.9,伏地魔情牵美妇人
忠贞,https://www.1905.com/vod/play/1391198.shtml,7.1,苏菲玛索情陷两难
《007：幽灵党,https://www.1905.com/vod/play/945619.shtml,7.7,007中国首映礼
面纱,https://www.1905.com/vod/play/85447.shtml,5.9,孤独少妇红杏出墙
《终结者：创世,https://www.1905.com/vod/play/907541.shtml,5.9,《终结者：创世纪》全球首映礼
情人,https://www.1905.com/vod/play/1391245.shtml,8.0,梁家辉变深情阔少
出水芙蓉,https://www.1905.com/vod/play/1391215.shtml,8.5,水上芭蕾气势恢宏
世界纪录电影,https://www.1905.com/vod/play/404304.shtml,5.9,
乱世佳人,https://www.1905.com/vod/play/1391289.shtml,9.6,战争年代爱情纠葛
囚室211,https://www.1905.com/vod/play/1391830.shtml,8.0,新警察遭监狱暴动 
解放2：突破,https://www.1905.com/vod/play/1391823.shtml,8.6,战争大片恢弘壮阔
世界纪录电影,https://www.1905.com/vod/play/363394.shtml,6.7,费·唐纳薇是好莱坞有名的性格演员，素以饰演性格怪异、叛逆而又精明的女性著称。1967年她初登银幕，即以里程碑式的影片《雌雄大盗》而声誉雀起
魂断蓝桥（译制,https://www.1905.com/vod/play/1391160.shtml,8.3,凄美爱情经典佳片 
青楼艳妓,https://www.1905.com/vod/play/1391265.shtml,7.2,玉婆此片获封影后
摩登时代,https://www.1905.com/vod/play/1391234.shtml,9.2,卓别林之讽刺杰作
太空救援,https://www.1905.com/vod/play/1391224.shtml,7.4,向太空宇航员致敬 
解放1：炮火弧,https://www.1905.com/vod/play/1391821.shtml,8.6,苏联吹响反攻号角
解放3：主攻方,https://www.1905.com/vod/play/1391826.shtml,8.6,苏联红军解放基辅
放牛班的春天,https://www.1905.com/vod/play/1391204.shtml,9.2,音乐敲开封闭心灵
小鸡快跑,https://www.1905.com/vod/play/1391855.shtml,5.9,小鸡越狱火爆励志 
马达加斯加,https://www.1905.com/vod/play/1391221.shtml,7.9,梦工厂经典动画片
《碟中谍5：神,https://www.1905.com/vod/play/928684.shtml,5.9,敬业靓汤空降上海
龙凤配,https://www.1905.com/vod/play/1391817.shtml,7.3,绝美赫本三角恋情
